{"cameraMode":{"drawMode":0,"name":"Shaded","section":"Shading Mode"},"sceneLighting":false,"audioPlay":false,"sceneViewState":{"m_AlwaysRefresh":false,"showFog":false,"showSkybox":true,"showFlares":true,"showImageEffects":true,"showParticleSystems":true,"showVisualEffectGraphs":true,"m_FxEnabled":true},"in2DMode":false,"pivot":{"x":-3.8021392822265627,"y":3.4134130477905275,"z":1.1972181797027588},"rotation":{"x":-0.06952004879713059,"y":-0.8593363165855408,"z":0.12144767493009567,"w":-0.4918966293334961},"size":7.546998977661133,"orthographic":true}