{"cameraMode":{"drawMode":0,"name":"Shaded","section":"Shading Mode"},"sceneLighting":false,"audioPlay":false,"sceneViewState":{"m_AlwaysRefresh":false,"showFog":false,"showSkybox":true,"showFlares":true,"showImageEffects":true,"showParticleSystems":true,"showVisualEffectGraphs":true,"m_FxEnabled":true},"in2DMode":false,"pivot":{"x":-2.1600000858306886,"y":3.0914082527160646,"z":4.938091278076172},"rotation":{"x":0.23479050397872926,"y":-0.0008719447650946677,"z":0.0002147135674022138,"w":0.9720569849014282},"size":1.3989362716674805,"orthographic":true}